file_path,category
/home/protosight/dev/FoodImage/ApplePie/A020511XX_02648.jpg,ApplePie
/home/protosight/dev/FoodImage/ApplePie/A020511XX_02633.jpg,ApplePie
/home/protosight/dev/FoodImage/ApplePie/A020511XX_02733.jpg,ApplePie
/home/protosight/dev/FoodImage/ApplePie/A020511XX_02734.jpg,ApplePie
/home/protosight/dev/FoodImage/ApplePie/A020511XX_02578.jpg,ApplePie
/home/protosight/dev/FoodImage/ApplePie/A020511XX_02698.jpg,ApplePie
/home/protosight/dev/FoodImage/ApplePie/A020511XX_02717.jpg,ApplePie
/home/protosight/dev/FoodImage/ApplePie/A020511XX_02605.jpg,ApplePie
/home/protosight/dev/FoodImage/ApplePie/A020511XX_02668.jpg,ApplePie
/home/protosight/dev/FoodImage/ApplePie/A020511XX_02694.jpg,ApplePie
/home/protosight/dev/FoodImage/ApplePie/A020511XX_02688.jpg,ApplePie
/home/protosight/dev/FoodImage/ApplePie/A020511XX_02713.jpg,ApplePie
/home/protosight/dev/FoodImage/ApplePie/A020511XX_02602.jpg,ApplePie
/home/protosight/dev/FoodImage/ApplePie/A020511XX_02732.jpg,ApplePie
/home/protosight/dev/FoodImage/ApplePie/A020511XX_02706.jpg,ApplePie
/home/protosight/dev/FoodImage/ApplePie/A020511XX_02703.jpg,ApplePie
/home/protosight/dev/FoodImage/ApplePie/A020511XX_02641.jpg,ApplePie
/home/protosight/dev/FoodImage/ApplePie/A020511XX_02618.jpg,ApplePie
/home/protosight/dev/FoodImage/ApplePie/A020511XX_02685.jpg,ApplePie
/home/protosight/dev/FoodImage/ApplePie/A020511XX_02712.jpg,ApplePie
/home/protosight/dev/FoodImage/ApplePie/A020511XX_02690.jpg,ApplePie
/home/protosight/dev/FoodImage/ApplePie/A020511XX_02702.jpg,ApplePie
/home/protosight/dev/FoodImage/ApplePie/A020511XX_02579.jpg,ApplePie
/home/protosight/dev/FoodImage/ApplePie/A020511XX_02598.jpg,ApplePie
/home/protosight/dev/FoodImage/ApplePie/A020511XX_02594.jpg,ApplePie
/home/protosight/dev/FoodImage/ApplePie/A020511XX_02584.jpg,ApplePie
/home/protosight/dev/FoodImage/ApplePie/A020511XX_02701.jpg,ApplePie
/home/protosight/dev/FoodImage/ApplePie/A020511XX_02642.jpg,ApplePie
/home/protosight/dev/FoodImage/ApplePie/A020511XX_02595.jpg,ApplePie
/home/protosight/dev/FoodImage/ApplePie/A020511XX_02750.jpg,ApplePie
/home/protosight/dev/FoodImage/ApplePie/A020511XX_02704.jpg,ApplePie
/home/protosight/dev/FoodImage/ApplePie/A020511XX_02609.jpg,ApplePie
/home/protosight/dev/FoodImage/ApplePie/A020511XX_02670.jpg,ApplePie
/home/protosight/dev/FoodImage/ApplePie/A020511XX_02718.jpg,ApplePie
/home/protosight/dev/FoodImage/ApplePie/A020511XX_02628.jpg,ApplePie
/home/protosight/dev/FoodImage/ApplePie/A020511XX_02623.jpg,ApplePie
/home/protosight/dev/FoodImage/ApplePie/A020511XX_02614.jpg,ApplePie
/home/protosight/dev/FoodImage/ApplePie/A020511XX_02622.jpg,ApplePie
/home/protosight/dev/FoodImage/ApplePie/A020511XX_02687.jpg,ApplePie
/home/protosight/dev/FoodImage/ApplePie/A020511XX_02705.jpg,ApplePie
/home/protosight/dev/FoodImage/ApplePie/A020511XX_02621.jpg,ApplePie
/home/protosight/dev/FoodImage/ApplePie/A020511XX_02613.jpg,ApplePie
/home/protosight/dev/FoodImage/ApplePie/A020511XX_02647.jpg,ApplePie
/home/protosight/dev/FoodImage/ApplePie/A020511XX_02601.jpg,ApplePie
/home/protosight/dev/FoodImage/ApplePie/A020511XX_02634.jpg,ApplePie
/home/protosight/dev/FoodImage/ApplePie/A020511XX_02577.jpg,ApplePie
/home/protosight/dev/FoodImage/ApplePie/A020511XX_02599.jpg,ApplePie
/home/protosight/dev/FoodImage/ApplePie/A020511XX_02658.jpg,ApplePie
/home/protosight/dev/FoodImage/ApplePie/A020511XX_02617.jpg,ApplePie
/home/protosight/dev/FoodImage/ApplePie/A020511XX_02684.jpg,ApplePie
/home/protosight/dev/FoodImage/ApplePie/A020511XX_02612.jpg,ApplePie
/home/protosight/dev/FoodImage/ApplePie/A020511XX_02588.jpg,ApplePie
/home/protosight/dev/FoodImage/ApplePie/A020511XX_02626.jpg,ApplePie
/home/protosight/dev/FoodImage/ApplePie/A020511XX_02593.jpg,ApplePie
/home/protosight/dev/FoodImage/ApplePie/A020511XX_02597.jpg,ApplePie
/home/protosight/dev/FoodImage/ApplePie/A020511XX_02645.jpg,ApplePie
/home/protosight/dev/FoodImage/ApplePie/A020511XX_02616.jpg,ApplePie
/home/protosight/dev/FoodImage/ApplePie/A020511XX_02736.jpg,ApplePie
/home/protosight/dev/FoodImage/ApplePie/A020511XX_02640.jpg,ApplePie
/home/protosight/dev/FoodImage/ApplePie/A020511XX_02583.jpg,ApplePie
/home/protosight/dev/FoodImage/ApplePie/A020511XX_02751.jpg,ApplePie
/home/protosight/dev/FoodImage/ApplePie/A020511XX_02676.jpg,ApplePie
/home/protosight/dev/FoodImage/ApplePie/A020511XX_02587.jpg,ApplePie
/home/protosight/dev/FoodImage/ApplePie/A020511XX_02615.jpg,ApplePie
/home/protosight/dev/FoodImage/ApplePie/A020511XX_02619.jpg,ApplePie
/home/protosight/dev/FoodImage/ApplePie/A020511XX_02627.jpg,ApplePie
/home/protosight/dev/FoodImage/ApplePie/A020511XX_02678.jpg,ApplePie
/home/protosight/dev/FoodImage/ApplePie/A020511XX_02644.jpg,ApplePie
/home/protosight/dev/FoodImage/ApplePie/A020511XX_02643.jpg,ApplePie
/home/protosight/dev/FoodImage/ApplePie/A020511XX_02651.jpg,ApplePie
/home/protosight/dev/FoodImage/ApplePie/A020511XX_02655.jpg,ApplePie
/home/protosight/dev/FoodImage/ApplePie/A020511XX_02689.jpg,ApplePie
/home/protosight/dev/FoodImage/ApplePie/A020511XX_02582.jpg,ApplePie
/home/protosight/dev/FoodImage/ApplePie/A020511XX_02610.jpg,ApplePie
/home/protosight/dev/FoodImage/ApplePie/A020511XX_02715.jpg,ApplePie
/home/protosight/dev/FoodImage/ApplePie/A020511XX_02661.jpg,ApplePie
/home/protosight/dev/FoodImage/ApplePie/A020511XX_02719.jpg,ApplePie
/home/protosight/dev/FoodImage/ApplePie/A020511XX_02649.jpg,ApplePie
/home/protosight/dev/FoodImage/ApplePie/A020511XX_02581.jpg,ApplePie
/home/protosight/dev/FoodImage/ApplePie/A020511XX_02749.jpg,ApplePie
/home/protosight/dev/FoodImage/ApplePie/A020511XX_02650.jpg,ApplePie
/home/protosight/dev/FoodImage/ApplePie/A020511XX_02603.jpg,ApplePie
/home/protosight/dev/FoodImage/ApplePie/A020511XX_02691.jpg,ApplePie
/home/protosight/dev/FoodImage/ApplePie/A020511XX_02631.jpg,ApplePie
/home/protosight/dev/FoodImage/ApplePie/A020511XX_02585.jpg,ApplePie
/home/protosight/dev/FoodImage/ApplePie/A020511XX_02667.jpg,ApplePie
/home/protosight/dev/FoodImage/ApplePie/A020511XX_02686.jpg,ApplePie
/home/protosight/dev/FoodImage/ApplePie/A020511XX_02735.jpg,ApplePie
/home/protosight/dev/FoodImage/ApplePie/A020511XX_02731.jpg,ApplePie
/home/protosight/dev/FoodImage/ApplePie/A020511XX_02669.jpg,ApplePie
/home/protosight/dev/FoodImage/ApplePie/A020511XX_02611.jpg,ApplePie
/home/protosight/dev/FoodImage/ApplePie/A020511XX_02620.jpg,ApplePie
/home/protosight/dev/FoodImage/ApplePie/A020511XX_02714.jpg,ApplePie
/home/protosight/dev/FoodImage/Bread/A020118XX_10967.jpg,Bread
/home/protosight/dev/FoodImage/Bread/A020118XX_11020.jpg,Bread
/home/protosight/dev/FoodImage/Bread/A020118XX_10972.jpg,Bread
/home/protosight/dev/FoodImage/Bread/A020118XX_10961.jpg,Bread
/home/protosight/dev/FoodImage/Bread/A020118XX_10943.jpg,Bread
/home/protosight/dev/FoodImage/Bread/A020118XX_10982.jpg,Bread
/home/protosight/dev/FoodImage/Bread/A020118XX_11004.jpg,Bread
/home/protosight/dev/FoodImage/Bread/A020118XX_10999.jpg,Bread
/home/protosight/dev/FoodImage/Bread/A020118XX_10954.jpg,Bread
/home/protosight/dev/FoodImage/Bread/A020118XX_10946.jpg,Bread
/home/protosight/dev/FoodImage/Bread/A020118XX_10956.jpg,Bread
/home/protosight/dev/FoodImage/Bread/A020118XX_11007.jpg,Bread
/home/protosight/dev/FoodImage/Bread/A020118XX_10987.jpg,Bread
/home/protosight/dev/FoodImage/Bread/A020118XX_10971.jpg,Bread
/home/protosight/dev/FoodImage/Bread/A020118XX_11016.jpg,Bread
/home/protosight/dev/FoodImage/Bread/A020118XX_10936.jpg,Bread
/home/protosight/dev/FoodImage/Bread/A020118XX_10993.jpg,Bread
/home/protosight/dev/FoodImage/Bread/A020118XX_10992.jpg,Bread
/home/protosight/dev/FoodImage/Bread/A020118XX_10935.jpg,Bread
/home/protosight/dev/FoodImage/Bread/A020118XX_10945.jpg,Bread
/home/protosight/dev/FoodImage/Bread/A020118XX_10937.jpg,Bread
/home/protosight/dev/FoodImage/Bread/A020118XX_11010.jpg,Bread
/home/protosight/dev/FoodImage/Bread/A020118XX_10966.jpg,Bread
/home/protosight/dev/FoodImage/Bread/A020118XX_10988.jpg,Bread
/home/protosight/dev/FoodImage/Bread/A020118XX_10997.jpg,Bread
/home/protosight/dev/FoodImage/Bread/A020118XX_10955.jpg,Bread
/home/protosight/dev/FoodImage/Bread/A020118XX_11002.jpg,Bread
/home/protosight/dev/FoodImage/Bread/A020118XX_11015.jpg,Bread
/home/protosight/dev/FoodImage/Bread/A020118XX_10996.jpg,Bread
/home/protosight/dev/FoodImage/Bread/A020118XX_10958.jpg,Bread
/home/protosight/dev/FoodImage/Bread/A020118XX_11011.jpg,Bread
/home/protosight/dev/FoodImage/Bread/A020118XX_10948.jpg,Bread
/home/protosight/dev/FoodImage/Bread/A020118XX_10976.jpg,Bread
/home/protosight/dev/FoodImage/Bread/A020118XX_10959.jpg,Bread
/home/protosight/dev/FoodImage/Bread/A020118XX_10960.jpg,Bread
/home/protosight/dev/FoodImage/Bread/A020118XX_10941.jpg,Bread
/home/protosight/dev/FoodImage/Bread/A020118XX_10953.jpg,Bread
/home/protosight/dev/FoodImage/Bread/A020118XX_10973.jpg,Bread
/home/protosight/dev/FoodImage/Bread/A020118XX_11019.jpg,Bread
/home/protosight/dev/FoodImage/Bread/A020118XX_11001.jpg,Bread
/home/protosight/dev/FoodImage/Bread/A020118XX_10947.jpg,Bread
/home/protosight/dev/FoodImage/Bread/A020118XX_10931.jpg,Bread
/home/protosight/dev/FoodImage/Bread/A020118XX_10977.jpg,Bread
/home/protosight/dev/FoodImage/Bread/A020118XX_10995.jpg,Bread
/home/protosight/dev/FoodImage/Bread/A020118XX_10950.jpg,Bread
/home/protosight/dev/FoodImage/Bread/A020118XX_10968.jpg,Bread
/home/protosight/dev/FoodImage/Bread/A020118XX_10970.jpg,Bread
/home/protosight/dev/FoodImage/Bread/A020118XX_10974.jpg,Bread
/home/protosight/dev/FoodImage/Bread/A020118XX_10942.jpg,Bread
/home/protosight/dev/FoodImage/Bread/A020118XX_10981.jpg,Bread
/home/protosight/dev/FoodImage/Bread/A020118XX_10980.jpg,Bread
/home/protosight/dev/FoodImage/Bread/A020118XX_11013.jpg,Bread
/home/protosight/dev/FoodImage/Bread/A020118XX_10940.jpg,Bread
/home/protosight/dev/FoodImage/Bread/A020118XX_11003.jpg,Bread
/home/protosight/dev/FoodImage/Bread/A020118XX_11009.jpg,Bread
/home/protosight/dev/FoodImage/Bread/A020118XX_11012.jpg,Bread
/home/protosight/dev/FoodImage/Bread/A020118XX_10964.jpg,Bread
/home/protosight/dev/FoodImage/Bread/A020118XX_10975.jpg,Bread
/home/protosight/dev/FoodImage/Bread/A020118XX_11017.jpg,Bread
/home/protosight/dev/FoodImage/Bread/A020118XX_10978.jpg,Bread
/home/protosight/dev/FoodImage/Bread/A020118XX_10932.jpg,Bread
/home/protosight/dev/FoodImage/Bread/A020118XX_10952.jpg,Bread
/home/protosight/dev/FoodImage/Bread/A020118XX_10962.jpg,Bread
/home/protosight/dev/FoodImage/Bread/A020118XX_10951.jpg,Bread
/home/protosight/dev/FoodImage/Bread/A020118XX_10985.jpg,Bread
/home/protosight/dev/FoodImage/Bread/A020118XX_11000.jpg,Bread
/home/protosight/dev/FoodImage/Bread/A020118XX_10986.jpg,Bread
/home/protosight/dev/FoodImage/Bread/A020118XX_10969.jpg,Bread
/home/protosight/dev/FoodImage/Bread/A020118XX_11018.jpg,Bread
/home/protosight/dev/FoodImage/Bread/A020118XX_10984.jpg,Bread
/home/protosight/dev/FoodImage/Bread/A020118XX_11014.jpg,Bread
/home/protosight/dev/FoodImage/Bread/A020118XX_11008.jpg,Bread
/home/protosight/dev/FoodImage/Bread/A020118XX_10989.jpg,Bread
/home/protosight/dev/FoodImage/Bread/A020118XX_10990.jpg,Bread
/home/protosight/dev/FoodImage/Bread/A020118XX_10994.jpg,Bread
/home/protosight/dev/FoodImage/Bread/A020118XX_11005.jpg,Bread
/home/protosight/dev/FoodImage/Bread/A020118XX_10938.jpg,Bread
/home/protosight/dev/FoodImage/Bread/A020118XX_10965.jpg,Bread
/home/protosight/dev/FoodImage/Bread/A020118XX_10957.jpg,Bread
/home/protosight/dev/FoodImage/Bread/A020118XX_10933.jpg,Bread
/home/protosight/dev/FoodImage/Bread/A020118XX_10991.jpg,Bread
/home/protosight/dev/FoodImage/Bread/A020118XX_10998.jpg,Bread
/home/protosight/dev/FoodImage/Bread/A020118XX_10949.jpg,Bread
/home/protosight/dev/FoodImage/Bread/A020118XX_10934.jpg,Bread
/home/protosight/dev/FoodImage/Bread/A020118XX_10939.jpg,Bread
/home/protosight/dev/FoodImage/Bread/A020118XX_10979.jpg,Bread
/home/protosight/dev/FoodImage/Bread/A020118XX_10983.jpg,Bread
/home/protosight/dev/FoodImage/Bread/A020118XX_10963.jpg,Bread
/home/protosight/dev/FoodImage/Bread/A020118XX_11006.jpg,Bread
/home/protosight/dev/FoodImage/Bread/A020118XX_10944.jpg,Bread
/home/protosight/dev/FoodImage/FriedRice/B010443XX_10240.jpg,FriedRice
/home/protosight/dev/FoodImage/FriedRice/B010443XX_10195.jpg,FriedRice
/home/protosight/dev/FoodImage/FriedRice/B010443XX_10192.jpg,FriedRice
/home/protosight/dev/FoodImage/FriedRice/B010443XX_10181.jpg,FriedRice
/home/protosight/dev/FoodImage/FriedRice/B010443XX_10188.jpg,FriedRice
/home/protosight/dev/FoodImage/FriedRice/B010443XX_10198.jpg,FriedRice
/home/protosight/dev/FoodImage/FriedRice/B010443XX_10223.jpg,FriedRice
/home/protosight/dev/FoodImage/FriedRice/B010443XX_10207.jpg,FriedRice
/home/protosight/dev/FoodImage/FriedRice/B010443XX_10190.jpg,FriedRice
/home/protosight/dev/FoodImage/FriedRice/B010443XX_10226.jpg,FriedRice
/home/protosight/dev/FoodImage/FriedRice/B010443XX_10261.jpg,FriedRice
/home/protosight/dev/FoodImage/FriedRice/B010443XX_10202.jpg,FriedRice
/home/protosight/dev/FoodImage/FriedRice/B010443XX_10265.jpg,FriedRice
/home/protosight/dev/FoodImage/FriedRice/B010443XX_10253.jpg,FriedRice
/home/protosight/dev/FoodImage/FriedRice/B010443XX_10191.jpg,FriedRice
/home/protosight/dev/FoodImage/FriedRice/B010443XX_10260.jpg,FriedRice
/home/protosight/dev/FoodImage/FriedRice/B010443XX_10243.jpg,FriedRice
/home/protosight/dev/FoodImage/FriedRice/B010443XX_10179.jpg,FriedRice
/home/protosight/dev/FoodImage/FriedRice/B010443XX_10234.jpg,FriedRice
/home/protosight/dev/FoodImage/FriedRice/B010443XX_10182.jpg,FriedRice
/home/protosight/dev/FoodImage/FriedRice/B010443XX_10245.jpg,FriedRice
/home/protosight/dev/FoodImage/FriedRice/B010443XX_10255.jpg,FriedRice
/home/protosight/dev/FoodImage/FriedRice/B010443XX_10257.jpg,FriedRice
/home/protosight/dev/FoodImage/FriedRice/B010443XX_10200.jpg,FriedRice
/home/protosight/dev/FoodImage/FriedRice/B010443XX_10246.jpg,FriedRice
/home/protosight/dev/FoodImage/FriedRice/B010443XX_10212.jpg,FriedRice
/home/protosight/dev/FoodImage/FriedRice/B010443XX_10263.jpg,FriedRice
/home/protosight/dev/FoodImage/FriedRice/B010443XX_10233.jpg,FriedRice
/home/protosight/dev/FoodImage/FriedRice/B010443XX_10218.jpg,FriedRice
/home/protosight/dev/FoodImage/FriedRice/B010443XX_10221.jpg,FriedRice
/home/protosight/dev/FoodImage/FriedRice/B010443XX_10208.jpg,FriedRice
/home/protosight/dev/FoodImage/FriedRice/B010443XX_10262.jpg,FriedRice
/home/protosight/dev/FoodImage/FriedRice/B010443XX_10232.jpg,FriedRice
/home/protosight/dev/FoodImage/FriedRice/B010443XX_10250.jpg,FriedRice
/home/protosight/dev/FoodImage/FriedRice/B010443XX_10244.jpg,FriedRice
/home/protosight/dev/FoodImage/FriedRice/B010443XX_10205.jpg,FriedRice
/home/protosight/dev/FoodImage/FriedRice/B010443XX_10229.jpg,FriedRice
/home/protosight/dev/FoodImage/FriedRice/B010443XX_10201.jpg,FriedRice
/home/protosight/dev/FoodImage/FriedRice/B010443XX_10227.jpg,FriedRice
/home/protosight/dev/FoodImage/FriedRice/B010443XX_10203.jpg,FriedRice
/home/protosight/dev/FoodImage/FriedRice/B010443XX_10209.jpg,FriedRice
/home/protosight/dev/FoodImage/FriedRice/B010443XX_10213.jpg,FriedRice
/home/protosight/dev/FoodImage/FriedRice/B010443XX_10185.jpg,FriedRice
/home/protosight/dev/FoodImage/FriedRice/B010443XX_10225.jpg,FriedRice
/home/protosight/dev/FoodImage/FriedRice/B010443XX_10235.jpg,FriedRice
/home/protosight/dev/FoodImage/FriedRice/B010443XX_10238.jpg,FriedRice
/home/protosight/dev/FoodImage/FriedRice/B010443XX_10220.jpg,FriedRice
/home/protosight/dev/FoodImage/FriedRice/B010443XX_10187.jpg,FriedRice
/home/protosight/dev/FoodImage/FriedRice/B010443XX_10219.jpg,FriedRice
/home/protosight/dev/FoodImage/FriedRice/B010443XX_10184.jpg,FriedRice
/home/protosight/dev/FoodImage/FriedRice/B010443XX_10228.jpg,FriedRice
/home/protosight/dev/FoodImage/FriedRice/B010443XX_10206.jpg,FriedRice
/home/protosight/dev/FoodImage/FriedRice/B010443XX_10224.jpg,FriedRice
/home/protosight/dev/FoodImage/FriedRice/B010443XX_10259.jpg,FriedRice
/home/protosight/dev/FoodImage/FriedRice/B010443XX_10249.jpg,FriedRice
/home/protosight/dev/FoodImage/FriedRice/B010443XX_10266.jpg,FriedRice
/home/protosight/dev/FoodImage/FriedRice/B010443XX_10239.jpg,FriedRice
/home/protosight/dev/FoodImage/FriedRice/B010443XX_10247.jpg,FriedRice
/home/protosight/dev/FoodImage/FriedRice/B010443XX_10258.jpg,FriedRice
/home/protosight/dev/FoodImage/FriedRice/B010443XX_10236.jpg,FriedRice
/home/protosight/dev/FoodImage/FriedRice/B010443XX_10211.jpg,FriedRice
/home/protosight/dev/FoodImage/FriedRice/B010443XX_10210.jpg,FriedRice
/home/protosight/dev/FoodImage/FriedRice/B010443XX_10180.jpg,FriedRice
/home/protosight/dev/FoodImage/FriedRice/B010443XX_10183.jpg,FriedRice
/home/protosight/dev/FoodImage/FriedRice/B010443XX_10231.jpg,FriedRice
/home/protosight/dev/FoodImage/FriedRice/B010443XX_10215.jpg,FriedRice
/home/protosight/dev/FoodImage/FriedRice/B010443XX_10230.jpg,FriedRice
/home/protosight/dev/FoodImage/FriedRice/B010443XX_10204.jpg,FriedRice
/home/protosight/dev/FoodImage/FriedRice/B010443XX_10194.jpg,FriedRice
/home/protosight/dev/FoodImage/FriedRice/B010443XX_10216.jpg,FriedRice
/home/protosight/dev/FoodImage/FriedRice/B010443XX_10237.jpg,FriedRice
/home/protosight/dev/FoodImage/FriedRice/B010443XX_10214.jpg,FriedRice
/home/protosight/dev/FoodImage/FriedRice/B010443XX_10186.jpg,FriedRice
/home/protosight/dev/FoodImage/FriedRice/B010443XX_10193.jpg,FriedRice
/home/protosight/dev/FoodImage/FriedRice/B010443XX_10256.jpg,FriedRice
/home/protosight/dev/FoodImage/FriedRice/B010443XX_10254.jpg,FriedRice
/home/protosight/dev/FoodImage/FriedRice/B010443XX_10217.jpg,FriedRice
/home/protosight/dev/FoodImage/FriedRice/B010443XX_10242.jpg,FriedRice
/home/protosight/dev/FoodImage/FriedRice/B010443XX_10248.jpg,FriedRice
/home/protosight/dev/FoodImage/FriedRice/B010443XX_10199.jpg,FriedRice
/home/protosight/dev/FoodImage/FriedRice/B010443XX_10251.jpg,FriedRice
/home/protosight/dev/FoodImage/FriedRice/B010443XX_10264.jpg,FriedRice
/home/protosight/dev/FoodImage/FriedRice/B010443XX_10196.jpg,FriedRice
/home/protosight/dev/FoodImage/FriedRice/B010443XX_10222.jpg,FriedRice
/home/protosight/dev/FoodImage/FriedRice/B010443XX_10241.jpg,FriedRice
/home/protosight/dev/FoodImage/FriedRice/B010443XX_10197.jpg,FriedRice
/home/protosight/dev/FoodImage/FriedRice/B010443XX_10252.jpg,FriedRice
/home/protosight/dev/FoodImage/FriedRice/B010443XX_10189.jpg,FriedRice
/home/protosight/dev/FoodImage/Pork/B070220XX_11025.jpg,Pork
/home/protosight/dev/FoodImage/Pork/B070220XX_11074.jpg,Pork
/home/protosight/dev/FoodImage/Pork/B070220XX_11034.jpg,Pork
/home/protosight/dev/FoodImage/Pork/B070220XX_11045.jpg,Pork
/home/protosight/dev/FoodImage/Pork/B070220XX_11086.jpg,Pork
/home/protosight/dev/FoodImage/Pork/B070220XX_11005.jpg,Pork
/home/protosight/dev/FoodImage/Pork/B070220XX_11072.jpg,Pork
/home/protosight/dev/FoodImage/Pork/B070220XX_11075.jpg,Pork
/home/protosight/dev/FoodImage/Pork/B070220XX_11061.jpg,Pork
/home/protosight/dev/FoodImage/Pork/B070220XX_11054.jpg,Pork
/home/protosight/dev/FoodImage/Pork/B070220XX_11030.jpg,Pork
/home/protosight/dev/FoodImage/Pork/B070220XX_11038.jpg,Pork
/home/protosight/dev/FoodImage/Pork/B070220XX_11084.jpg,Pork
/home/protosight/dev/FoodImage/Pork/B070220XX_11004.jpg,Pork
/home/protosight/dev/FoodImage/Pork/B070220XX_11079.jpg,Pork
/home/protosight/dev/FoodImage/Pork/B070220XX_11029.jpg,Pork
/home/protosight/dev/FoodImage/Pork/B070220XX_11028.jpg,Pork
/home/protosight/dev/FoodImage/Pork/B070220XX_11067.jpg,Pork
/home/protosight/dev/FoodImage/Pork/B070220XX_11033.jpg,Pork
/home/protosight/dev/FoodImage/Pork/B070220XX_11032.jpg,Pork
/home/protosight/dev/FoodImage/Pork/B070220XX_11042.jpg,Pork
/home/protosight/dev/FoodImage/Pork/B070220XX_11012.jpg,Pork
/home/protosight/dev/FoodImage/Pork/B070220XX_11027.jpg,Pork
/home/protosight/dev/FoodImage/Pork/B070220XX_11011.jpg,Pork
/home/protosight/dev/FoodImage/Pork/B070220XX_11020.jpg,Pork
/home/protosight/dev/FoodImage/Pork/B070220XX_11062.jpg,Pork
/home/protosight/dev/FoodImage/Pork/B070220XX_11098.jpg,Pork
/home/protosight/dev/FoodImage/Pork/B070220XX_11078.jpg,Pork
/home/protosight/dev/FoodImage/Pork/B070220XX_11008.jpg,Pork
/home/protosight/dev/FoodImage/Pork/B070220XX_11047.jpg,Pork
/home/protosight/dev/FoodImage/Pork/B070220XX_11081.jpg,Pork
/home/protosight/dev/FoodImage/Pork/B070220XX_11048.jpg,Pork
/home/protosight/dev/FoodImage/Pork/B070220XX_11046.jpg,Pork
/home/protosight/dev/FoodImage/Pork/B070220XX_11052.jpg,Pork
/home/protosight/dev/FoodImage/Pork/B070220XX_11080.jpg,Pork
/home/protosight/dev/FoodImage/Pork/B070220XX_11055.jpg,Pork
/home/protosight/dev/FoodImage/Pork/B070220XX_11065.jpg,Pork
/home/protosight/dev/FoodImage/Pork/B070220XX_11036.jpg,Pork
/home/protosight/dev/FoodImage/Pork/B070220XX_11040.jpg,Pork
/home/protosight/dev/FoodImage/Pork/B070220XX_11003.jpg,Pork
/home/protosight/dev/FoodImage/Pork/B070220XX_11059.jpg,Pork
/home/protosight/dev/FoodImage/Pork/B070220XX_11021.jpg,Pork
/home/protosight/dev/FoodImage/Pork/B070220XX_11096.jpg,Pork
/home/protosight/dev/FoodImage/Pork/B070220XX_11015.jpg,Pork
/home/protosight/dev/FoodImage/Pork/B070220XX_11041.jpg,Pork
/home/protosight/dev/FoodImage/Pork/B070220XX_11043.jpg,Pork
/home/protosight/dev/FoodImage/Pork/B070220XX_11071.jpg,Pork
/home/protosight/dev/FoodImage/Pork/B070220XX_11077.jpg,Pork
/home/protosight/dev/FoodImage/Pork/B070220XX_11014.jpg,Pork
/home/protosight/dev/FoodImage/Pork/B070220XX_11069.jpg,Pork
/home/protosight/dev/FoodImage/Pork/B070220XX_11083.jpg,Pork
/home/protosight/dev/FoodImage/Pork/B070220XX_11064.jpg,Pork
/home/protosight/dev/FoodImage/Pork/B070220XX_11063.jpg,Pork
/home/protosight/dev/FoodImage/Pork/B070220XX_11023.jpg,Pork
/home/protosight/dev/FoodImage/Pork/B070220XX_11024.jpg,Pork
/home/protosight/dev/FoodImage/Pork/B070220XX_11044.jpg,Pork
/home/protosight/dev/FoodImage/Pork/B070220XX_11085.jpg,Pork
/home/protosight/dev/FoodImage/Pork/B070220XX_11060.jpg,Pork
/home/protosight/dev/FoodImage/Pork/B070220XX_11017.jpg,Pork
/home/protosight/dev/FoodImage/Pork/B070220XX_11007.jpg,Pork
/home/protosight/dev/FoodImage/Pork/B070220XX_11051.jpg,Pork
/home/protosight/dev/FoodImage/Pork/B070220XX_11070.jpg,Pork
/home/protosight/dev/FoodImage/Pork/B070220XX_11022.jpg,Pork
/home/protosight/dev/FoodImage/Pork/B070220XX_11013.jpg,Pork
/home/protosight/dev/FoodImage/Pork/B070220XX_11095.jpg,Pork
/home/protosight/dev/FoodImage/Pork/B070220XX_11082.jpg,Pork
/home/protosight/dev/FoodImage/Pork/B070220XX_11039.jpg,Pork
/home/protosight/dev/FoodImage/Pork/B070220XX_11031.jpg,Pork
/home/protosight/dev/FoodImage/Pork/B070220XX_11037.jpg,Pork
/home/protosight/dev/FoodImage/Pork/B070220XX_11087.jpg,Pork
/home/protosight/dev/FoodImage/Pork/B070220XX_11018.jpg,Pork
/home/protosight/dev/FoodImage/Pork/B070220XX_11006.jpg,Pork
/home/protosight/dev/FoodImage/Pork/B070220XX_11049.jpg,Pork
/home/protosight/dev/FoodImage/Pork/B070220XX_11097.jpg,Pork
/home/protosight/dev/FoodImage/Pork/B070220XX_11035.jpg,Pork
/home/protosight/dev/FoodImage/Pork/B070220XX_11010.jpg,Pork
/home/protosight/dev/FoodImage/Pork/B070220XX_11019.jpg,Pork
/home/protosight/dev/FoodImage/Pork/B070220XX_11026.jpg,Pork
/home/protosight/dev/FoodImage/Pork/B070220XX_11057.jpg,Pork
/home/protosight/dev/FoodImage/Pork/B070220XX_11076.jpg,Pork
/home/protosight/dev/FoodImage/Pork/B070220XX_11053.jpg,Pork
/home/protosight/dev/FoodImage/Pork/B070220XX_11056.jpg,Pork
/home/protosight/dev/FoodImage/Pork/B070220XX_11058.jpg,Pork
/home/protosight/dev/FoodImage/Pork/B070220XX_11068.jpg,Pork
/home/protosight/dev/FoodImage/Pork/B070220XX_11066.jpg,Pork
/home/protosight/dev/FoodImage/Pork/B070220XX_11016.jpg,Pork
/home/protosight/dev/FoodImage/Pork/B070220XX_11009.jpg,Pork
/home/protosight/dev/FoodImage/Pork/B070220XX_11073.jpg,Pork
/home/protosight/dev/FoodImage/Pork/B070220XX_11050.jpg,Pork
/home/protosight/dev/FoodImage/Bibimbop/B010316XX_02424.jpg,Bibimbop
/home/protosight/dev/FoodImage/Bibimbop/B010316XX_02341.jpg,Bibimbop
/home/protosight/dev/FoodImage/Bibimbop/B010316XX_02439.jpg,Bibimbop
/home/protosight/dev/FoodImage/Bibimbop/B010316XX_02411.jpg,Bibimbop
/home/protosight/dev/FoodImage/Bibimbop/B010316XX_02396.jpg,Bibimbop
/home/protosight/dev/FoodImage/Bibimbop/B010316XX_02441.jpg,Bibimbop
/home/protosight/dev/FoodImage/Bibimbop/B010316XX_02428.jpg,Bibimbop
/home/protosight/dev/FoodImage/Bibimbop/B010316XX_02335.jpg,Bibimbop
/home/protosight/dev/FoodImage/Bibimbop/B010316XX_02375.jpg,Bibimbop
/home/protosight/dev/FoodImage/Bibimbop/B010316XX_02397.jpg,Bibimbop
/home/protosight/dev/FoodImage/Bibimbop/B010316XX_02406.jpg,Bibimbop
/home/protosight/dev/FoodImage/Bibimbop/B010316XX_02434.jpg,Bibimbop
/home/protosight/dev/FoodImage/Bibimbop/B010316XX_02419.jpg,Bibimbop
/home/protosight/dev/FoodImage/Bibimbop/B010316XX_02373.jpg,Bibimbop
/home/protosight/dev/FoodImage/Bibimbop/B010316XX_02427.jpg,Bibimbop
/home/protosight/dev/FoodImage/Bibimbop/B010316XX_02409.jpg,Bibimbop
/home/protosight/dev/FoodImage/Bibimbop/B010316XX_02353.jpg,Bibimbop
/home/protosight/dev/FoodImage/Bibimbop/B010316XX_02364.jpg,Bibimbop
/home/protosight/dev/FoodImage/Bibimbop/B010316XX_02365.jpg,Bibimbop
/home/protosight/dev/FoodImage/Bibimbop/B010316XX_02429.jpg,Bibimbop
/home/protosight/dev/FoodImage/Bibimbop/B010316XX_02367.jpg,Bibimbop
/home/protosight/dev/FoodImage/Bibimbop/B010316XX_02336.jpg,Bibimbop
/home/protosight/dev/FoodImage/Bibimbop/B010316XX_02437.jpg,Bibimbop
/home/protosight/dev/FoodImage/Bibimbop/B010316XX_02381.jpg,Bibimbop
/home/protosight/dev/FoodImage/Bibimbop/B010316XX_02395.jpg,Bibimbop
/home/protosight/dev/FoodImage/Bibimbop/B010316XX_02345.jpg,Bibimbop
/home/protosight/dev/FoodImage/Bibimbop/B010316XX_02438.jpg,Bibimbop
/home/protosight/dev/FoodImage/Bibimbop/B010316XX_02422.jpg,Bibimbop
/home/protosight/dev/FoodImage/Bibimbop/B010316XX_02426.jpg,Bibimbop
/home/protosight/dev/FoodImage/Bibimbop/B010316XX_02357.jpg,Bibimbop
/home/protosight/dev/FoodImage/Bibimbop/B010316XX_02408.jpg,Bibimbop
/home/protosight/dev/FoodImage/Bibimbop/B010316XX_02425.jpg,Bibimbop
/home/protosight/dev/FoodImage/Bibimbop/B010316XX_02443.jpg,Bibimbop
/home/protosight/dev/FoodImage/Bibimbop/B010316XX_02404.jpg,Bibimbop
/home/protosight/dev/FoodImage/Bibimbop/B010316XX_02399.jpg,Bibimbop
/home/protosight/dev/FoodImage/Bibimbop/B010316XX_02398.jpg,Bibimbop
/home/protosight/dev/FoodImage/Bibimbop/B010316XX_02342.jpg,Bibimbop
/home/protosight/dev/FoodImage/Bibimbop/B010316XX_02346.jpg,Bibimbop
/home/protosight/dev/FoodImage/Bibimbop/B010316XX_02382.jpg,Bibimbop
/home/protosight/dev/FoodImage/Bibimbop/B010316XX_02420.jpg,Bibimbop
/home/protosight/dev/FoodImage/Bibimbop/B010316XX_02352.jpg,Bibimbop
/home/protosight/dev/FoodImage/Bibimbop/B010316XX_02421.jpg,Bibimbop
/home/protosight/dev/FoodImage/Bibimbop/B010316XX_02343.jpg,Bibimbop
/home/protosight/dev/FoodImage/Bibimbop/B010316XX_02372.jpg,Bibimbop
/home/protosight/dev/FoodImage/Bibimbop/B010316XX_02416.jpg,Bibimbop
/home/protosight/dev/FoodImage/Bibimbop/B010316XX_02444.jpg,Bibimbop
/home/protosight/dev/FoodImage/Bibimbop/B010316XX_02338.jpg,Bibimbop
/home/protosight/dev/FoodImage/Bibimbop/B010316XX_02440.jpg,Bibimbop
/home/protosight/dev/FoodImage/Bibimbop/B010316XX_02418.jpg,Bibimbop
/home/protosight/dev/FoodImage/Bibimbop/B010316XX_02362.jpg,Bibimbop
/home/protosight/dev/FoodImage/Bibimbop/B010316XX_02403.jpg,Bibimbop
/home/protosight/dev/FoodImage/Bibimbop/B010316XX_02442.jpg,Bibimbop
/home/protosight/dev/FoodImage/Bibimbop/B010316XX_02407.jpg,Bibimbop
/home/protosight/dev/FoodImage/Bibimbop/B010316XX_02400.jpg,Bibimbop
/home/protosight/dev/FoodImage/Bibimbop/B010316XX_02383.jpg,Bibimbop
/home/protosight/dev/FoodImage/Bibimbop/B010316XX_02413.jpg,Bibimbop
/home/protosight/dev/FoodImage/Bibimbop/B010316XX_02358.jpg,Bibimbop
/home/protosight/dev/FoodImage/Bibimbop/B010316XX_02354.jpg,Bibimbop
/home/protosight/dev/FoodImage/Bibimbop/B010316XX_02366.jpg,Bibimbop
/home/protosight/dev/FoodImage/Bibimbop/B010316XX_02445.jpg,Bibimbop
/home/protosight/dev/FoodImage/Bibimbop/B010316XX_02363.jpg,Bibimbop
/home/protosight/dev/FoodImage/Bibimbop/B010316XX_02414.jpg,Bibimbop
/home/protosight/dev/FoodImage/Bibimbop/B010316XX_02433.jpg,Bibimbop
/home/protosight/dev/FoodImage/Bibimbop/B010316XX_02340.jpg,Bibimbop
/home/protosight/dev/FoodImage/Bibimbop/B010316XX_02337.jpg,Bibimbop
/home/protosight/dev/FoodImage/Bibimbop/B010316XX_02384.jpg,Bibimbop
/home/protosight/dev/FoodImage/Bibimbop/B010316XX_02385.jpg,Bibimbop
/home/protosight/dev/FoodImage/Bibimbop/B010316XX_02351.jpg,Bibimbop
/home/protosight/dev/FoodImage/Bibimbop/B010316XX_02435.jpg,Bibimbop
/home/protosight/dev/FoodImage/Bibimbop/B010316XX_02368.jpg,Bibimbop
/home/protosight/dev/FoodImage/Bibimbop/B010316XX_02415.jpg,Bibimbop
/home/protosight/dev/FoodImage/Bibimbop/B010316XX_02378.jpg,Bibimbop
/home/protosight/dev/FoodImage/Bibimbop/B010316XX_02374.jpg,Bibimbop
/home/protosight/dev/FoodImage/Bibimbop/B010316XX_02405.jpg,Bibimbop
/home/protosight/dev/FoodImage/Bibimbop/B010316XX_02361.jpg,Bibimbop
/home/protosight/dev/FoodImage/Bibimbop/B010316XX_02347.jpg,Bibimbop
/home/protosight/dev/FoodImage/Bibimbop/B010316XX_02377.jpg,Bibimbop
/home/protosight/dev/FoodImage/Bibimbop/B010316XX_02432.jpg,Bibimbop
/home/protosight/dev/FoodImage/Bibimbop/B010316XX_02376.jpg,Bibimbop
/home/protosight/dev/FoodImage/Bibimbop/B010316XX_02423.jpg,Bibimbop
/home/protosight/dev/FoodImage/Bibimbop/B010316XX_02355.jpg,Bibimbop
/home/protosight/dev/FoodImage/Bibimbop/B010316XX_02387.jpg,Bibimbop
/home/protosight/dev/FoodImage/Bibimbop/B010316XX_02446.jpg,Bibimbop
/home/protosight/dev/FoodImage/Bibimbop/B010316XX_02436.jpg,Bibimbop
/home/protosight/dev/FoodImage/Bibimbop/B010316XX_02369.jpg,Bibimbop
/home/protosight/dev/FoodImage/Bibimbop/B010316XX_02410.jpg,Bibimbop
/home/protosight/dev/FoodImage/Bibimbop/B010316XX_02402.jpg,Bibimbop
/home/protosight/dev/FoodImage/Bibimbop/B010316XX_02412.jpg,Bibimbop
/home/protosight/dev/FoodImage/Bibimbop/B010316XX_02360.jpg,Bibimbop
/home/protosight/dev/FoodImage/Bibimbop/B010316XX_02401.jpg,Bibimbop
/home/protosight/dev/FoodImage/Bibimbop/B010316XX_02386.jpg,Bibimbop
/home/protosight/dev/FoodImage/Bibimbop/B010316XX_02344.jpg,Bibimbop
/home/protosight/dev/FoodImage/BagelSandwich/B020411XX_11181.jpg,BagelSandwich
/home/protosight/dev/FoodImage/BagelSandwich/B020411XX_11211.jpg,BagelSandwich
/home/protosight/dev/FoodImage/BagelSandwich/B020411XX_11199.jpg,BagelSandwich
/home/protosight/dev/FoodImage/BagelSandwich/B020411XX_11165.jpg,BagelSandwich
/home/protosight/dev/FoodImage/BagelSandwich/B020411XX_11171.jpg,BagelSandwich
/home/protosight/dev/FoodImage/BagelSandwich/B020411XX_11163.jpg,BagelSandwich
/home/protosight/dev/FoodImage/BagelSandwich/B020411XX_11176.jpg,BagelSandwich
/home/protosight/dev/FoodImage/BagelSandwich/B020411XX_11208.jpg,BagelSandwich
/home/protosight/dev/FoodImage/BagelSandwich/B020411XX_11170.jpg,BagelSandwich
/home/protosight/dev/FoodImage/BagelSandwich/B020411XX_11164.jpg,BagelSandwich
/home/protosight/dev/FoodImage/BagelSandwich/B020411XX_11238.jpg,BagelSandwich
/home/protosight/dev/FoodImage/BagelSandwich/B020411XX_11235.jpg,BagelSandwich
/home/protosight/dev/FoodImage/BagelSandwich/B020411XX_11215.jpg,BagelSandwich
/home/protosight/dev/FoodImage/BagelSandwich/B020411XX_11217.jpg,BagelSandwich
/home/protosight/dev/FoodImage/BagelSandwich/B020411XX_11189.jpg,BagelSandwich
/home/protosight/dev/FoodImage/BagelSandwich/B020411XX_11167.jpg,BagelSandwich
/home/protosight/dev/FoodImage/BagelSandwich/B020411XX_11221.jpg,BagelSandwich
/home/protosight/dev/FoodImage/BagelSandwich/B020411XX_11166.jpg,BagelSandwich
/home/protosight/dev/FoodImage/BagelSandwich/B020411XX_11202.jpg,BagelSandwich
/home/protosight/dev/FoodImage/BagelSandwich/B020411XX_11229.jpg,BagelSandwich
/home/protosight/dev/FoodImage/BagelSandwich/B020411XX_11216.jpg,BagelSandwich
/home/protosight/dev/FoodImage/BagelSandwich/B020411XX_11220.jpg,BagelSandwich
/home/protosight/dev/FoodImage/BagelSandwich/B020411XX_11173.jpg,BagelSandwich
/home/protosight/dev/FoodImage/BagelSandwich/B020411XX_11188.jpg,BagelSandwich
/home/protosight/dev/FoodImage/BagelSandwich/B020411XX_11214.jpg,BagelSandwich
/home/protosight/dev/FoodImage/BagelSandwich/B020411XX_11177.jpg,BagelSandwich
/home/protosight/dev/FoodImage/BagelSandwich/B020411XX_11174.jpg,BagelSandwich
/home/protosight/dev/FoodImage/BagelSandwich/B020411XX_11207.jpg,BagelSandwich
/home/protosight/dev/FoodImage/BagelSandwich/B020411XX_11212.jpg,BagelSandwich
/home/protosight/dev/FoodImage/BagelSandwich/B020411XX_11213.jpg,BagelSandwich
/home/protosight/dev/FoodImage/BagelSandwich/B020411XX_11228.jpg,BagelSandwich
/home/protosight/dev/FoodImage/BagelSandwich/B020411XX_11204.jpg,BagelSandwich
/home/protosight/dev/FoodImage/BagelSandwich/B020411XX_11175.jpg,BagelSandwich
/home/protosight/dev/FoodImage/BagelSandwich/B020411XX_11205.jpg,BagelSandwich
/home/protosight/dev/FoodImage/BagelSandwich/B020411XX_11172.jpg,BagelSandwich
/home/protosight/dev/FoodImage/BagelSandwich/B020411XX_11198.jpg,BagelSandwich
/home/protosight/dev/FoodImage/BagelSandwich/B020411XX_11201.jpg,BagelSandwich
/home/protosight/dev/FoodImage/BagelSandwich/B020411XX_11200.jpg,BagelSandwich
/home/protosight/dev/FoodImage/BagelSandwich/B020411XX_11206.jpg,BagelSandwich
/home/protosight/dev/FoodImage/BagelSandwich/B020411XX_11234.jpg,BagelSandwich
/home/protosight/dev/FoodImage/BagelSandwich/B020411XX_11195.jpg,BagelSandwich
/home/protosight/dev/FoodImage/BagelSandwich/B020411XX_11210.jpg,BagelSandwich
/home/protosight/dev/FoodImage/BagelSandwich/B020411XX_11203.jpg,BagelSandwich
/home/protosight/dev/FoodImage/BagelSandwich/B020411XX_11239.jpg,BagelSandwich
/home/protosight/dev/FoodImage/BagelSandwich/B020411XX_11162.jpg,BagelSandwich
